<?xml version="1.0" encoding="UTF-8" standalone="yes"?>

<Fleet>
	<NickName>City of San Diego Vehicle Fleet</NickName>
	<Vehicles>
		<Bus>
			<VinNumber>75644444335434516</VinNumber>
			<Year>1991 </Year>
			<Make>Ford</Make>
			<Model>Econline</Model>
		</Bus>
		<Truck>
			<VinNumber>23124124654433511</VinNumber>
			<Year>2004 </Year>
			<Make>Toyota</Make>
			<Model>Tundra</Model>
		</Truck>
		<Motorcycle>
			<VinNumber>52543463463234534</VinNumber>
			<Year>2008 </Year>
			<Make>Kawasaki</Make>
			<Model>Ninja</Model>
		</Motorcycle>
		<Boat>
			<VinNumber>52543463463234534</VinNumber>
			<NauticalRegistrationNumber>123-124XJHDGSGD</NauticalRegistrationNumber>
			<Year>2012 </Year>
			<Make>SeaForce</Make>
			<Model>UltraHi</Model>
			<Type>Motor</Type>
		</Boat>
		<Boat>
			<VinNumber>52543488463234534</VinNumber>
			<NauticalRegistrationNumber>999-124XJHDGSGD</NauticalRegistrationNumber>
			<Year>2000 </Year>
			<Make>WindForce</Make>
			<Model>UltraHi</Model>
			<Type>Sail</Type>
		</Boat>
	</Vehicles>
</Fleet>
